n_signals,hr,excess_hr,avg_ev_usd,median_hold_min,compounding,trades_per_month,direction,threshold,dynamic_sizing,ewma,fee_aware,late_entry_frac
3817,0.1053183128111082,-0.39658559192442217,3.160958104931347,13.0,-138.8592488594767,681.6071428571429,YES,0.06,False,False,False,0.0
3715,0.09528936742934051,-0.40661453730618985,3.141834071821725,13.0,-141.509398974271,663.3928571428572,YES,0.06,False,False,False,0.25
3680,0.09266304347826088,-0.4092408612572695,3.1421667998540186,13.0,-142.4384914027854,657.1428571428572,YES,0.06,False,False,False,0.33
3410,0.09970674486803519,-0.40219715986749516,3.364549567469396,13.0,-149.89428335294036,608.9285714285714,YES,0.06,False,False,True,0.0
3316,0.08896260554885405,-0.4129412991866763,3.344721734075153,13.0,-152.9915525487035,592.1428571428572,YES,0.06,False,False,True,0.25
3286,0.08581862446743761,-0.41608528026809277,3.344313193799442,13.0,-154.13754378974636,586.7857142857143,YES,0.06,False,False,True,0.33
3791,0.09865470852017937,-0.403249196215351,3.1475081663365683,13.0,-140.59164607271717,676.9642857142858,YES,0.06,False,True,False,0.0
3688,0.08839479392624729,-0.4135091108092831,3.131696865182868,13.0,-143.4445129158632,658.5714285714287,YES,0.06,False,True,False,0.25
3655,0.08563611491108071,-0.4162677898244497,3.1327423497626725,13.0,-144.44969361509473,652.6785714285714,YES,0.06,False,True,False,0.33
3401,0.09497206703910614,-0.4069318376964242,3.3411173654343678,13.0,-150.6026248034558,607.3214285714286,YES,0.06,False,True,True,0.0
3306,0.08439201451905626,-0.4175118902164741,3.324839412951295,13.0,-153.76541405178764,590.3571428571429,YES,0.06,False,True,True,0.25
3278,0.08145210494203783,-0.42045179979349256,3.3251719399443287,13.0,-154.86363988863644,585.3571428571429,YES,0.06,False,True,True,0.33
3817,0.1053183128111082,-0.39658559192442217,4.900678405836315,13.0,-215.28425867924255,681.6071428571429,YES,0.06,True,False,False,0.0
3715,0.09528936742934051,-0.40661453730618985,4.85678266639748,13.0,-218.75133452609737,663.3928571428572,YES,0.06,True,False,False,0.25
3680,0.09266304347826088,-0.4092408612572695,4.858658359292202,13.0,-220.24927733666655,657.1428571428572,YES,0.06,True,False,False,0.33
3410,0.09970674486803519,-0.40219715986749516,5.36837082482082,13.0,-239.1666644889367,608.9285714285714,YES,0.06,True,False,True,0.0
3316,0.08896260554885405,-0.4129412991866763,5.322919701509829,13.0,-243.47668176086665,592.1428571428572,YES,0.06,True,False,True,0.25
3286,0.08581862446743761,-0.41608528026809277,5.323287806528853,13.0,-245.34738818886782,586.7857142857143,YES,0.06,True,False,True,0.33
3791,0.09865470852017937,-0.403249196215351,4.8664321967629895,13.0,-217.37186272037692,676.9642857142858,YES,0.06,True,True,False,0.0
3688,0.08839479392624729,-0.4135091108092831,4.829805337937322,13.0,-221.22481964371104,658.5714285714287,YES,0.06,True,True,False,0.25
3655,0.08563611491108071,-0.4162677898244497,4.83356435880678,13.0,-222.87402305886258,652.6785714285714,YES,0.06,True,True,False,0.33
3401,0.09497206703910614,-0.4069318376964242,5.311231488970938,13.0,-239.4065564571389,607.3214285714286,YES,0.06,True,True,True,0.0
3306,0.08439201451905626,-0.4175118902164741,5.273609607581903,13.0,-243.89110695049243,590.3571428571429,YES,0.06,True,True,True,0.25
3278,0.08145210494203783,-0.42045179979349256,5.275820218366657,13.0,-245.71142099436827,585.3571428571429,YES,0.06,True,True,True,0.33
3207,0.08886810102899906,-0.4130358037065313,3.473346157568368,13.0,-158.91134640837157,572.6785714285714,YES,0.08,False,False,False,0.0
3121,0.07882089074014739,-0.42308301399538295,3.4506853585494817,13.0,-161.7149200812761,557.3214285714286,YES,0.08,False,False,False,0.25
3092,0.07535575679172057,-0.4265481479438098,3.4507046950078166,13.0,-163.04031102534572,552.1428571428572,YES,0.08,False,False,False,0.33
2853,0.09113214160532772,-0.41077176313020264,3.6693782869501907,13.0,-166.95991257476817,509.4642857142857,YES,0.08,False,False,True,0.0
2772,0.08008658008658008,-0.4218173246489503,3.6467261392974217,13.0,-170.39101999080003,495.00000000000006,YES,0.08,False,False,True,0.25
2745,0.07650273224043716,-0.42540117249509324,3.6475040002017476,13.0,-171.8753514498129,490.17857142857144,YES,0.08,False,False,True,0.33
3199,0.08690215692403876,-0.41500174781149163,3.448498873941096,13.0,-158.525508185891,571.25,YES,0.08,False,True,False,0.0
3115,0.07704654895666131,-0.4248573557788691,3.4279568808224643,13.0,-161.32349864605428,556.25,YES,0.08,False,True,False,0.25
3092,0.07470892626131953,-0.42719497847421084,3.4263550372940217,13.0,-162.1353230475866,552.1428571428572,YES,0.08,False,True,False,0.33
2830,0.08445229681978798,-0.4174516079157424,3.651847660469793,13.0,-168.8643335327768,505.3571428571429,YES,0.08,False,True,True,0.0
2750,0.07381818181818182,-0.42808572291734853,3.6320775863891996,13.0,-172.22849271817688,491.0714285714286,YES,0.08,False,True,True,0.25
2728,0.07111436950146628,-0.4307895352340641,3.631351630542589,13.0,-173.28165576290615,487.14285714285717,YES,0.08,False,True,True,0.33
3207,0.08886810102899906,-0.4130358037065313,5.6288346872573625,13.0,-257.5285209949898,572.6785714285714,YES,0.08,True,False,False,0.0
3121,0.07882089074014739,-0.42308301399538295,5.576906366525177,13.0,-261.35937463231517,557.3214285714286,YES,0.08,True,False,False,0.25
3092,0.07535575679172057,-0.4265481479438098,5.5783768336177815,13.0,-263.56943707336455,552.1428571428572,YES,0.08,True,False,False,0.33
2853,0.09113214160532772,-0.41077176313020264,6.121333921209339,13.0,-278.52603258726026,509.4642857142857,YES,0.08,True,False,True,0.0
2772,0.08008658008658008,-0.4218173246489503,6.070071804651595,13.0,-283.6203451272179,495.00000000000006,YES,0.08,True,False,True,0.25
2745,0.07650273224043716,-0.42540117249509324,6.073660846822347,13.0,-286.1991632022389,490.17857142857144,YES,0.08,True,False,True,0.33
3199,0.08690215692403876,-0.41500174781149163,5.567911536395596,13.0,-255.953688287698,571.25,YES,0.08,True,True,False,0.0
3115,0.07704654895666131,-0.4248573557788691,5.52032140592812,13.0,-259.7925218479876,556.25,YES,0.08,True,True,False,0.25
3092,0.07470892626131953,-0.42719497847421084,5.517987647430281,13.0,-261.1115018878088,552.1428571428572,YES,0.08,True,True,False,0.33
2830,0.08445229681978798,-0.4174516079157424,6.078517572315085,13.0,-281.075475800163,505.3571428571429,YES,0.08,True,True,True,0.0
2750,0.07381818181818182,-0.42808572291734853,6.033511499658182,13.0,-286.101430012945,491.0714285714286,YES,0.08,True,True,True,0.25
2728,0.07111436950146628,-0.4307895352340641,6.0335989448806115,13.0,-287.91263467427353,487.14285714285717,YES,0.08,True,True,True,0.33
2680,0.0873134328358209,-0.4145904718997095,3.771496201304826,13.0,-173.20169241602915,478.5714285714286,YES,0.1,False,False,False,0.0
2604,0.07680491551459294,-0.4250989892209374,3.747272790866635,13.0,-176.45116161960308,465.00000000000006,YES,0.1,False,False,False,0.25
2582,0.07436096049573973,-0.42754294423979067,3.745906420168181,13.0,-177.4008952311255,461.0714285714286,YES,0.1,False,False,False,0.33
2332,0.08361921097770154,-0.41828469375782884,3.9892694196784655,13.0,-184.83511431075826,416.42857142857144,YES,0.1,False,False,True,0.0
2260,0.07256637168141593,-0.42933753305411443,3.96565536414727,13.0,-188.59621192458147,403.5714285714286,YES,0.1,False,False,True,0.25
2241,0.07005800981704596,-0.4318458949184844,3.964078934271328,13.0,-189.62265765023045,400.17857142857144,YES,0.1,False,False,True,0.33
2665,0.08180112570356472,-0.42010277903196563,3.7487755684192012,13.0,-174.44725302572786,475.89285714285717,YES,0.1,False,True,False,0.0
2596,0.07203389830508475,-0.4298700064304456,3.72357996503832,13.0,-177.30336112784875,463.5714285714286,YES,0.1,False,True,False,0.25
2574,0.06915306915306915,-0.4327508355824612,3.7235926475483154,13.0,-178.49219035516532,459.64285714285717,YES,0.1,False,True,False,0.33
2315,0.07602591792656588,-0.4258779868089645,3.966262447010051,13.0,-187.10516670520298,413.39285714285717,YES,0.1,False,True,True,0.0
2251,0.06663705019991115,-0.4352668545356192,3.94016370281049,13.0,-189.9717409415343,401.9642857142857,YES,0.1,False,True,True,0.25
2229,0.063257065948856,-0.4386468387866744,3.9423160074366512,13.0,-191.55150876851343,398.03571428571433,YES,0.1,False,True,True,0.33
2680,0.0873134328358209,-0.4145904718997095,6.386421454181856,13.0,-293.28917366101126,478.5714285714286,YES,0.1,True,False,False,0.0
2604,0.07680491551459294,-0.4250989892209374,6.331615163880741,13.0,-298.1423859287996,465.00000000000006,YES,0.1,True,False,False,0.25
2582,0.07436096049573973,-0.42754294423979067,6.3297505412733805,13.0,-299.76814331661376,461.0714285714286,YES,0.1,True,False,False,0.33
2332,0.08361921097770154,-0.41828469375782884,6.970449679719827,13.0,-322.9623592212145,416.42857142857144,YES,0.1,True,False,True,0.0
2260,0.07256637168141593,-0.42933753305411443,6.918855254940978,13.0,-329.0426857899532,403.5714285714286,YES,0.1,True,False,True,0.25
2241,0.07005800981704596,-0.4318458949184844,6.91666725370722,13.0,-330.8604214187709,400.17857142857144,YES,0.1,True,False,True,0.33
2665,0.08180112570356472,-0.42010277903196563,6.330240098082896,13.0,-294.57431525289684,475.89285714285717,YES,0.1,True,True,False,0.0
2596,0.07203389830508475,-0.4298700064304456,6.271666835676246,13.0,-298.6340082072104,463.5714285714286,YES,0.1,True,True,False,0.25
2574,0.06915306915306915,-0.4327508355824612,6.273795028356583,13.0,-300.7373583649184,459.64285714285717,YES,0.1,True,True,False,0.33
2315,0.07602591792656588,-0.4258779868089645,6.914038824426362,13.0,-326.16409129097195,413.39285714285717,YES,0.1,True,True,True,0.0
2251,0.06663705019991115,-0.4352668545356192,6.854450444835415,13.0,-330.4816709199272,401.9642857142857,YES,0.1,True,True,True,0.25
2229,0.063257065948856,-0.4386468387866744,6.862660048855463,13.0,-333.4468581523998,398.03571428571433,YES,0.1,True,True,True,0.33
2173,0.07547169811320754,-0.42643220662232284,4.097250914847534,13.0,-193.53597216410935,388.03571428571433,YES,0.12,False,False,False,0.0
2113,0.06720302886890676,-0.4347008758666236,4.0664035003155385,13.0,-195.8033534637344,377.3214285714286,YES,0.12,False,False,False,0.25
2096,0.06440839694656489,-0.4374955077889655,4.064117584156102,13.0,-196.95136831692233,374.28571428571433,YES,0.12,False,False,False,0.33
1882,0.07492029755579172,-0.42698360717973866,4.306047700531838,13.0,-203.66161253846067,336.0714285714286,YES,0.12,False,False,True,0.0
1826,0.06681270536692223,-0.43509119936860813,4.273763866831522,13.0,-205.9728420891265,326.0714285714286,YES,0.12,False,False,True,0.25
1810,0.06353591160220995,-0.4383679931333204,4.2722873469715745,13.0,-207.45238490372017,323.2142857142857,YES,0.12,False,False,True,0.33
2151,0.06927010692701069,-0.4326337978085197,4.077474526156276,13.0,-195.40282593804747,384.1071428571429,YES,0.12,False,True,False,0.0
2096,0.0625,-0.43940390473553037,4.045944254962881,13.0,-196.9259487477758,374.28571428571433,YES,0.12,False,True,False,0.25
2078,0.060153994225216556,-0.4417499105103138,4.0462417856750905,13.0,-197.99190794493015,371.0714285714286,YES,0.12,False,True,False,0.33
1857,0.06623586429725363,-0.4356680404382767,4.287959553896541,13.0,-206.93098371596605,331.6071428571429,YES,0.12,False,True,True,0.0
1804,0.058758314855875834,-0.4431455898796545,4.25592470751062,13.0,-208.91013396847646,322.14285714285717,YES,0.12,False,True,True,0.25
1789,0.05645612073784237,-0.44544778399768803,4.255812629949559,13.0,-209.9899168748755,319.4642857142857,YES,0.12,False,True,True,0.33
2173,0.07547169811320754,-0.42643220662232284,7.26680358065821,13.0,-343.251591063627,388.03571428571433,YES,0.12,True,False,False,0.0
2113,0.06720302886890676,-0.4347008758666236,7.196416108953879,13.0,-346.51809810420156,377.3214285714286,YES,0.12,True,False,False,0.25
2096,0.06440839694656489,-0.4374955077889655,7.192438990025073,13.0,-348.55307979864074,374.28571428571433,YES,0.12,True,False,False,0.33
1882,0.07492029755579172,-0.42698360717973866,7.851021810590591,13.0,-371.32699710270725,336.0714285714286,YES,0.12,True,False,True,0.0
1826,0.06681270536692223,-0.43509119936860813,7.77912848101795,13.0,-374.91289929399863,326.0714285714286,YES,0.12,True,False,True,0.25
1810,0.06353591160220995,-0.4383679931333204,7.777796253427707,13.0,-377.6717835265805,323.2142857142857,YES,0.12,True,False,True,0.33
2151,0.06927010692701069,-0.4326337978085197,7.219579265256428,13.0,-345.9803811072957,384.1071428571429,YES,0.12,True,True,False,0.0
2096,0.0625,-0.43940390473553037,7.146052823360981,13.0,-347.815773861915,374.28571428571433,YES,0.12,True,True,False,0.25
2078,0.060153994225216556,-0.4417499105103138,7.14940469828796,13.0,-349.8367996435264,371.0714285714286,YES,0.12,True,True,False,0.33
1857,0.06623586429725363,-0.4356680404382767,7.809856767161085,13.0,-376.89286085752815,331.6071428571429,YES,0.12,True,True,True,0.0
1804,0.058758314855875834,-0.4431455898796545,7.737357444120662,13.0,-379.8028610235235,322.14285714285717,YES,0.12,True,True,True,0.25
1789,0.05645612073784237,-0.44544778399768803,7.739969989263897,13.0,-381.9048900841343,319.4642857142857,YES,0.12,True,True,True,0.33
1521,0.07166337935568705,-0.4302405253798433,4.603158409841257,13.0,-219.3746170327473,271.6071428571429,YES,0.15,False,False,False,0.0
1473,0.06313645621181263,-0.43876744852371774,4.56577590469854,13.0,-221.90553351533327,263.0357142857143,YES,0.15,False,False,False,0.25
1462,0.060191518467852256,-0.4417123862676781,4.561990013793333,13.0,-223.20969176735684,261.0714285714286,YES,0.15,False,False,False,0.33
1281,0.07181889149102264,-0.43008501324450776,4.831598105213415,13.0,-230.17823280806962,228.75000000000003,YES,0.15,False,False,True,0.0
1237,0.06224737267582862,-0.43965653205970173,4.79109741668461,13.0,-233.32843661314172,220.89285714285717,YES,0.15,False,False,True,0.25
1227,0.05867970660146699,-0.4432241981340634,4.787559677544184,13.0,-235.0481315924488,219.10714285714286,YES,0.15,False,False,True,0.33
1495,0.06488294314381271,-0.43702096159171766,4.586902333330969,13.0,-222.04495035023194,266.9642857142857,YES,0.15,False,True,False,0.0
1450,0.05655172413793103,-0.44535218059759935,4.549355901025749,13.0,-224.42572476956758,258.92857142857144,YES,0.15,False,True,False,0.25
1441,0.05412907702984039,-0.44777482770569,4.5456198001514325,13.0,-225.46125668252833,257.3214285714286,YES,0.15,False,True,False,0.33
1262,0.06656101426307448,-0.4353428904724559,4.808902617629415,13.0,-231.8977734158048,225.35714285714286,YES,0.15,False,True,True,0.0
1219,0.05660377358490566,-0.4453001311506247,4.769973518557512,13.0,-235.28158154569851,217.67857142857144,YES,0.15,False,True,True,0.25
1211,0.053674649050371594,-0.44822925568515876,4.7661578018936215,13.0,-236.63978186076446,216.25,YES,0.15,False,True,True,0.33
1521,0.07166337935568705,-0.4302405253798433,8.690447256824433,13.0,-414.164225748402,271.6071428571429,YES,0.15,True,False,False,0.0
1473,0.06313645621181263,-0.43876744852371774,8.608805964791335,13.0,-418.4046086408039,263.0357142857143,YES,0.15,True,False,False,0.25
1462,0.060191518467852256,-0.4417123862676781,8.601609479094483,13.0,-420.8607635542343,261.0714285714286,YES,0.15,True,False,False,0.33
1281,0.07181889149102264,-0.43008501324450776,9.327163660044791,13.0,-444.34781238617234,228.75000000000003,YES,0.15,True,False,True,0.0
1237,0.06224737267582862,-0.43965653205970173,9.241072329700625,13.0,-450.0440654387866,220.89285714285717,YES,0.15,True,False,True,0.25
1227,0.05867970660146699,-0.4432241981340634,9.235263500363152,13.0,-453.41083489904213,219.10714285714286,YES,0.15,True,False,True,0.33
1495,0.06488294314381271,-0.43702096159171766,8.656775889028719,13.0,-419.06132565865784,266.9642857142857,YES,0.15,True,True,False,0.0
1450,0.05655172413793103,-0.44535218059759935,8.573131377865964,13.0,-422.9238742540404,258.92857142857144,YES,0.15,True,True,False,0.25
1441,0.05412907702984039,-0.44777482770569,8.566176491040926,13.0,-424.8795547243255,257.3214285714286,YES,0.15,True,True,False,0.33
1262,0.06656101426307448,-0.4353428904724559,9.277723082928995,13.0,-447.3959022194216,225.35714285714286,YES,0.15,True,True,True,0.0
1219,0.05660377358490566,-0.4453001311506247,9.19422079958174,13.0,-453.5100252422642,217.67857142857144,YES,0.15,True,True,True,0.25
1211,0.053674649050371594,-0.44822925568515876,9.187768089743575,13.0,-456.17277625184664,216.25,YES,0.15,True,True,True,0.33
7962,0.21301180607887465,-0.285084289185595,5.551903866005208,12.0,-189.93126807202216,1421.7857142857144,NO,0.06,False,False,False,0.0
7315,0.2202323991797676,-0.277863696084702,5.504835044592293,13.0,-169.43192992545343,1306.25,NO,0.06,False,False,False,0.25
7177,0.21972969207189633,-0.27836640319257333,5.510613240203939,13.0,-169.9166311821352,1281.607142857143,NO,0.06,False,False,False,0.33
7676,0.19867118290776445,-0.2994249123567052,5.704812637823863,12.0,-204.97956289102012,1370.7142857142858,NO,0.06,False,False,True,0.0
7036,0.2048038658328596,-0.29329222943161004,5.665671137515282,13.0,-184.06493381333723,1256.4285714285716,NO,0.06,False,False,True,0.25
6905,0.20434467776973209,-0.29375141749473754,5.670541948729261,13.0,-184.51160145997943,1233.0357142857144,NO,0.06,False,False,True,0.33
7988,0.21094141211817727,-0.28715468314629233,5.527895393676214,12.0,-190.48332602843305,1426.4285714285716,NO,0.06,False,True,False,0.0
7332,0.21835788325150027,-0.27973821201296933,5.487417983614651,13.0,-170.03525486446256,1309.2857142857144,NO,0.06,False,True,False,0.25
7188,0.21800222593210908,-0.2800938693323606,5.496678515469732,13.0,-170.5387518137324,1283.5714285714287,NO,0.06,False,True,False,0.33
7692,0.19617784711388456,-0.3019182481505851,5.684806985537696,12.0,-205.96163593772997,1373.5714285714287,NO,0.06,False,True,True,0.0
7043,0.20275450802214964,-0.29534158724231996,5.6530589477535536,13.0,-184.9384691893588,1257.6785714285716,NO,0.06,False,True,True,0.25
6903,0.20208604954367665,-0.296010045720793,5.663717386296011,13.0,-185.70652531943622,1232.6785714285716,NO,0.06,False,True,True,0.33
7962,0.21301180607887465,-0.285084289185595,10.402881660885393,12.0,-355.8837748530449,1421.7857142857144,NO,0.06,True,False,False,0.0
7315,0.2202323991797676,-0.277863696084702,10.312615510306326,13.0,-317.40939271319724,1306.25,NO,0.06,True,False,False,0.25
7177,0.21972969207189633,-0.27836640319257333,10.326771993176033,13.0,-318.4201524550391,1281.607142857143,NO,0.06,True,False,False,0.33
7676,0.19867118290776445,-0.2994249123567052,10.754262657359298,12.0,-386.4112984368955,1370.7142857142858,NO,0.06,True,False,True,0.0
7036,0.2048038658328596,-0.29329222943161004,10.682954730969936,13.0,-347.0652121805323,1256.4285714285716,NO,0.06,True,False,True,0.25
6905,0.20434467776973209,-0.29375141749473754,10.695127063139832,13.0,-348.00465988618953,1233.0357142857144,NO,0.06,True,False,True,0.33
7988,0.21094141211817727,-0.28715468314629233,10.346942063546086,12.0,-356.54074437487446,1426.4285714285716,NO,0.06,True,True,False,0.0
7332,0.21835788325150027,-0.27973821201296933,10.272709473401866,13.0,-318.3141467761621,1309.2857142857144,NO,0.06,True,True,False,0.25
7188,0.21800222593210908,-0.2800938693323606,10.29539471776336,13.0,-319.4226767411763,1283.5714285714287,NO,0.06,True,True,False,0.33
7692,0.19617784711388456,-0.3019182481505851,10.707583891096332,12.0,-387.93779643902764,1373.5714285714287,NO,0.06,True,True,True,0.0
7043,0.20275450802214964,-0.29534158724231996,10.654200823834442,13.0,-348.5496275567665,1257.6785714285716,NO,0.06,True,True,True,0.25
6903,0.20208604954367665,-0.296010045720793,10.680165884614432,13.0,-350.18987724668733,1232.6785714285716,NO,0.06,True,True,True,0.33
7441,0.1954038435694127,-0.3026922516950569,5.834357089544815,12.0,-211.92176215528065,1328.75,NO,0.08,False,False,False,0.0
6841,0.20055547434585586,-0.2975406209186138,5.780911179487904,13.0,-190.52926912469763,1221.607142857143,NO,0.08,False,False,False,0.25
6717,0.19979157361917524,-0.2983045216452944,5.783714847658216,13.0,-191.1110722297999,1199.4642857142858,NO,0.08,False,False,False,0.33
7150,0.1806993006993007,-0.3173967945651689,5.995742845933899,12.0,-228.36354724037554,1276.7857142857144,NO,0.08,False,False,True,0.0
6554,0.18523039365273117,-0.31286570161173843,5.9521666855736175,13.0,-206.27765237819142,1170.357142857143,NO,0.08,False,False,True,0.25
6431,0.18426372259368684,-0.3138323726707828,5.957789895868085,13.0,-207.11047446213752,1148.392857142857,NO,0.08,False,False,True,0.33
7453,0.19374748423453642,-0.3043486110299332,5.816139461384276,12.0,-212.4160759954426,1330.8928571428573,NO,0.08,False,True,False,0.0
6856,0.19894982497082847,-0.29914627029364116,5.763166188428139,13.0,-190.9694404080773,1224.2857142857144,NO,0.08,False,True,False,0.25
6727,0.1983053367028393,-0.2997907585616303,5.769472780496836,13.0,-191.59029652052217,1201.25,NO,0.08,False,True,False,0.33
7159,0.17893560553149881,-0.31916048973297084,5.978103571452432,12.0,-228.95693562470163,1278.392857142857,NO,0.08,False,True,True,0.0
6569,0.18374181762825392,-0.3143542776362157,5.933151790684244,12.0,-223.81339743198782,1173.0357142857144,NO,0.08,False,True,True,0.25
6442,0.1828624650729587,-0.31523363019151096,5.9418809112195445,13.0,-207.4797071788852,1150.357142857143,NO,0.08,False,True,True,0.33
7441,0.1954038435694127,-0.3026922516950569,11.05623913628061,12.0,-401.5965503327747,1328.75,NO,0.08,True,False,False,0.0
6841,0.20055547434585586,-0.2975406209186138,10.952679974668177,13.0,-360.9822129657936,1221.607142857143,NO,0.08,True,False,False,0.25
6717,0.19979157361917524,-0.2983045216452944,10.960143340127592,13.0,-362.15560426049956,1199.4642857142858,NO,0.08,True,False,False,0.33
7150,0.1806993006993007,-0.3173967945651689,11.440394817252924,12.0,-435.7373572267259,1276.7857142857144,NO,0.08,True,False,True,0.0
6554,0.18523039365273117,-0.31286570161173843,11.361394731587993,13.0,-393.73928130308525,1170.357142857143,NO,0.08,True,False,True,0.25
6431,0.18426372259368684,-0.3138323726707828,11.375605010049311,13.0,-395.44982151168955,1148.392857142857,NO,0.08,True,False,True,0.33
7453,0.19374748423453642,-0.3043486110299332,11.01334985124796,12.0,-402.2277276016846,1330.8928571428573,NO,0.08,True,True,False,0.0
6856,0.19894982497082847,-0.29914627029364116,10.911778104925682,13.0,-361.5748861691447,1224.2857142857144,NO,0.08,True,True,False,0.25
6727,0.1983053367028393,-0.2997907585616303,10.927716269950396,13.0,-362.8831402982435,1201.25,NO,0.08,True,True,False,0.33
7159,0.17893560553149881,-0.31916048973297084,11.399002988769599,12.0,-436.5733651635964,1278.392857142857,NO,0.08,True,True,True,0.0
6569,0.18374181762825392,-0.3143542776362157,11.317607663919746,12.0,-426.9286058113909,1173.0357142857144,NO,0.08,True,True,True,0.25
6442,0.1828624650729587,-0.31523363019151096,11.339368623884745,13.0,-395.9501909967035,1150.357142857143,NO,0.08,True,True,True,0.33
6898,0.1767178892432589,-0.3213782060212107,6.1409363629318285,12.0,-236.82757339313395,1231.7857142857144,NO,0.1,False,False,False,0.0
6349,0.1801858560403213,-0.3179102392241483,6.078728929657684,13.0,-214.06044940130496,1133.75,NO,0.1,False,False,False,0.25
6236,0.17880051314945478,-0.31929558211501485,6.080427586269194,13.0,-215.05332911992807,1113.5714285714287,NO,0.1,False,False,False,0.33
6635,0.16428033157498115,-0.3338157636894885,6.292567829428044,12.0,-252.06700026581154,1184.8214285714287,NO,0.1,False,False,True,0.0
6094,0.1668854611092878,-0.3312106341551818,6.236181582132549,13.0,-228.79270041507542,1088.2142857142858,NO,0.1,False,False,True,0.25
5981,0.16518976759739173,-0.3329063276670779,6.240927439407093,13.0,-230.1390537330146,1068.0357142857144,NO,0.1,False,False,True,0.33
6940,0.1739193083573487,-0.32417678690712093,6.1028980584743655,12.0,-237.41014601015118,1239.2857142857144,NO,0.1,False,True,False,0.0
6383,0.1775027416575278,-0.32059335360694186,6.046602274961016,13.0,-214.726209370019,1139.8214285714287,NO,0.1,False,True,False,0.25
6266,0.17618895627194384,-0.32190713899252577,6.051284970012431,13.0,-215.77312599786544,1118.9285714285716,NO,0.1,False,True,False,0.33
6685,0.16215407629020195,-0.3359420189742677,6.247698766263279,12.0,-251.86374449778324,1193.75,NO,0.1,False,True,True,0.0
6137,0.16473847156591168,-0.3333576236985579,6.196445084076327,13.0,-228.80849079946657,1095.892857142857,NO,0.1,False,True,True,0.25
6023,0.16320770380209199,-0.33488839146237764,6.202289808568738,13.0,-230.07598420154764,1075.5357142857144,NO,0.1,False,True,True,0.33
6898,0.1767178892432589,-0.3213782060212107,11.789168953808797,12.0,-454.65383626272296,1231.7857142857144,NO,0.1,True,False,False,0.0
6349,0.1801858560403213,-0.3179102392241483,11.66645126111235,13.0,-410.83026217666276,1133.75,NO,0.1,True,False,False,0.25
6236,0.17880051314945478,-0.31929558211501485,11.671284509699346,13.0,-412.79146134141143,1113.5714285714287,NO,0.1,True,False,False,0.33
6635,0.16428033157498115,-0.3338157636894885,12.158160935051914,12.0,-487.0302933112872,1184.8214285714287,NO,0.1,True,False,True,0.0
6094,0.1668854611092878,-0.3312106341551818,12.05081454824802,13.0,-442.1196474769903,1088.2142857142858,NO,0.1,True,False,True,0.25
5981,0.16518976759739173,-0.3329063276670779,12.06311570016824,13.0,-444.83677454393506,1068.0357142857144,NO,0.1,True,False,True,0.33
6940,0.1739193083573487,-0.32417678690712093,11.698855820732454,12.0,-455.099698854566,1239.2857142857144,NO,0.1,True,True,False,0.0
6383,0.1775027416575278,-0.32059335360694186,11.591260737678374,13.0,-411.62745073013,1139.8214285714287,NO,0.1,True,True,False,0.25
6266,0.17618895627194384,-0.32190713899252577,11.60339400625893,13.0,-413.74693297748314,1118.9285714285716,NO,0.1,True,True,False,0.33
6685,0.16215407629020195,-0.3359420189742677,12.05121380043508,12.0,-485.82109142504623,1193.75,NO,0.1,True,True,True,0.0
6137,0.16473847156591168,-0.3333576236985579,11.95708546029138,13.0,-441.5245582600592,1095.892857142857,NO,0.1,True,True,True,0.25
6023,0.16320770380209199,-0.33488839146237764,11.972084802606501,13.0,-444.1084307441799,1075.5357142857144,NO,0.1,True,True,True,0.33
6416,0.1622506234413965,-0.3358454718230731,6.423365874144315,12.0,-258.8710011233069,1145.7142857142858,NO,0.12,False,False,False,0.0
5905,0.16443691786621506,-0.33365917739825457,6.356655496567904,13.0,-234.93671379569804,1054.4642857142858,NO,0.12,False,False,False,0.25
5800,0.16258620689655173,-0.3355098883679179,6.3584122779352485,13.0,-236.3051291336035,1035.7142857142858,NO,0.12,False,False,False,0.33
6167,0.15258634668396304,-0.3455097485805066,6.572189996405972,12.0,-272.49068559378577,1101.25,NO,0.12,False,False,True,0.0
5663,0.15415857319441992,-0.3439375220700497,6.511252987934882,13.0,-248.0637287898311,1011.2500000000001,NO,0.12,False,False,True,0.25
5563,0.1520762178680568,-0.3460198773964128,6.512563452569736,13.0,-249.6158482037028,993.3928571428572,NO,0.12,False,False,True,0.33
6450,0.1613953488372093,-0.33670074642726033,6.386017042384787,12.0,-258.02120458417954,1151.7857142857144,NO,0.12,False,True,False,0.0
5943,0.16321723035503954,-0.3348788649094301,6.318293029386819,13.0,-234.37249453065849,1061.25,NO,0.12,False,True,False,0.25
5838,0.16135662898252826,-0.3367394662819414,6.320629544570211,13.0,-235.7618310724922,1042.5,NO,0.12,False,True,False,0.33
6184,0.14909443725743854,-0.3490016580070311,6.54314421802261,12.0,-274.0281816802812,1104.2857142857144,NO,0.12,False,True,True,0.0
5682,0.15012319605772614,-0.34797289920674346,6.482938210876588,13.0,-249.88284604987257,1014.6428571428572,NO,0.12,False,True,True,0.25
5579,0.14823445061839038,-0.3498616446460793,6.487148980837473,13.0,-251.4023569661467,996.2500000000001,NO,0.12,False,True,True,0.33
6416,0.1622506234413965,-0.3358454718230731,12.477506389180368,12.0,-502.8616824539628,1145.7142857142858,NO,0.12,True,False,False,0.0
5905,0.16443691786621506,-0.33365917739825457,12.346004834686624,13.0,-456.29809668514116,1054.4642857142858,NO,0.12,True,False,False,0.25
5800,0.16258620689655173,-0.3355098883679179,12.351029840502758,13.0,-459.0158004571462,1035.7142857142858,NO,0.12,True,False,False,0.33
6167,0.15258634668396304,-0.3455097485805066,12.841418491356025,12.0,-532.4202329238586,1101.25,NO,0.12,True,False,True,0.0
5663,0.15415857319441992,-0.3439375220700497,12.72538122244156,13.0,-484.8076894201798,1011.2500000000001,NO,0.12,True,False,True,0.25
5563,0.1520762178680568,-0.3460198773964128,12.729340735060786,13.0,-487.8946988842594,993.3928571428572,NO,0.12,True,False,True,0.33
6450,0.1613953488372093,-0.33670074642726033,12.388947186214757,12.0,-500.5641318055699,1151.7857142857144,NO,0.12,True,True,False,0.0
5943,0.16321723035503954,-0.3348788649094301,12.255697497870699,13.0,-454.61620431806205,1061.25,NO,0.12,True,True,False,0.25
5838,0.16135662898252826,-0.3367394662819414,12.262156184134566,13.0,-457.38298289478814,1042.5,NO,0.12,True,True,False,0.33
6184,0.14909443725743854,-0.3490016580070311,12.77329565029849,12.0,-534.9481632201806,1104.2857142857144,NO,0.12,True,True,True,0.0
5682,0.15012319605772614,-0.34797289920674346,12.659920530094407,13.0,-487.9727169877577,1014.6428571428572,NO,0.12,True,True,True,0.25
5579,0.14823445061839038,-0.3498616446460793,12.671015433380035,13.0,-491.0513315658305,996.2500000000001,NO,0.12,True,True,True,0.33
5717,0.14290711911841875,-0.3551889761460509,6.852423794446231,12.0,-292.0686470001833,1020.8928571428572,NO,0.15,False,False,False,0.0
5268,0.1427486712224753,-0.3553474240419943,6.77312464502879,13.0,-266.6007576361471,940.7142857142858,NO,0.15,False,False,False,0.25
5179,0.14056767715775245,-0.3575284181067172,6.771621431286086,13.0,-268.1775247397825,924.8214285714287,NO,0.15,False,False,False,0.33
5482,0.13516964611455673,-0.3629264491499129,7.00150051454548,12.0,-304.9235664558335,978.9285714285714,NO,0.15,False,False,True,0.0
5036,0.1346306592533757,-0.36346543601109393,6.9296519377143175,13.0,-278.9932389725306,899.2857142857143,NO,0.15,False,False,True,0.25
4949,0.13234996969084664,-0.36574612557362296,6.929438152263394,13.0,-280.7352173456176,883.75,NO,0.15,False,False,True,0.33
5708,0.14190609670637702,-0.35618999855809264,6.837005839663959,12.0,-292.23277202058915,1019.2857142857143,NO,0.15,False,True,False,0.0
5263,0.14155424662739882,-0.35654184863707084,6.757933517731051,13.0,-266.89692288497565,939.8214285714287,NO,0.15,False,True,False,0.25
5175,0.13951690821256038,-0.3585791870519093,6.7568589044257,13.0,-268.3793323909021,924.1071428571429,NO,0.15,False,True,False,0.33
5479,0.1325059317393685,-0.3655901635251011,6.98164385555402,12.0,-306.2904382591214,978.3928571428572,NO,0.15,False,True,True,0.0
5040,0.13134920634920635,-0.3667468889152633,6.9075665807645255,13.0,-280.61485515364797,900.0000000000001,NO,0.15,False,True,True,0.25
4954,0.12939039160274526,-0.3687057036617244,6.907670747450436,13.0,-282.1178883990155,884.6428571428572,NO,0.15,False,True,True,0.33
5717,0.14290711911841875,-0.3551889761460509,13.521507693093941,12.0,-576.3228568153185,1020.8928571428572,NO,0.15,True,False,False,0.0
5268,0.1427486712224753,-0.3553474240419943,13.363187405839625,13.0,-525.995913783382,940.7142857142858,NO,0.15,True,False,False,0.25
5179,0.14056767715775245,-0.3575284181067172,13.360375877900104,13.0,-529.1129412483804,924.8214285714287,NO,0.15,True,False,False,0.33
5482,0.13516964611455673,-0.3629264491499129,13.875497008703153,12.0,-604.2941831470648,978.9285714285714,NO,0.15,True,False,True,0.0
5036,0.1346306592533757,-0.36346543601109393,13.736228377186844,13.0,-553.0313615551951,899.2857142857143,NO,0.15,True,False,True,0.25
4949,0.13234996969084664,-0.36574612557362296,13.736510705088573,13.0,-556.5129861363775,883.75,NO,0.15,True,False,True,0.33
5708,0.14190609670637702,-0.35618999855809264,13.486417955044631,12.0,-576.4472630353417,1019.2857142857143,NO,0.15,True,True,False,0.0
5263,0.14155424662739882,-0.35654184863707084,13.329672382169415,13.0,-526.4402990250674,939.8214285714287,NO,0.15,True,True,False,0.25
5175,0.13951690821256038,-0.3585791870519093,13.327881164943708,13.0,-529.3773186369197,924.1071428571429,NO,0.15,True,True,False,0.33
5479,0.1325059317393685,-0.3655901635251011,13.82987616433685,12.0,-606.7280026142168,978.3928571428572,NO,0.15,True,True,True,0.0
5040,0.13134920634920635,-0.3667468889152633,13.686377332226828,13.0,-555.9990986342293,900.0000000000001,NO,0.15,True,True,True,0.25
4954,0.12939039160274526,-0.3687057036617244,13.687425207284752,13.0,-559.0115160778133,884.6428571428572,NO,0.15,True,True,True,0.33
