min_hr,min_mkts,min_mos,direction,pool,signals,HR,ROI%,$/sig,PnL,bl_HR,edge
0.85,10,9,NO,9,191,0.9267,48.47,48.47,9258.0,0.4233,0.5034
0.85,20,9,NO,9,191,0.9267,48.47,48.47,9258.0,0.4233,0.5034
0.85,30,9,NO,9,191,0.9267,48.47,48.47,9258.0,0.4233,0.5034
0.85,50,9,NO,9,191,0.9267,48.47,48.47,9258.0,0.4233,0.5034
0.85,50,6,NO,17,316,0.9082,37.93,37.93,11987.0,0.4233,0.4849
0.85,10,6,NO,21,328,0.9116,37.45,37.45,12283.0,0.4233,0.4882
0.85,20,6,NO,21,328,0.9116,37.45,37.45,12283.0,0.4233,0.4882
0.85,30,6,NO,20,327,0.9113,37.45,37.45,12246.0,0.4233,0.488
0.8,10,9,NO,22,874,0.8352,32.5,32.5,28407.0,0.4233,0.4119
0.8,20,9,NO,22,874,0.8352,32.5,32.5,28407.0,0.4233,0.4119
0.8,30,9,NO,22,874,0.8352,32.5,32.5,28407.0,0.4233,0.4119
0.8,50,9,NO,22,874,0.8352,32.5,32.5,28407.0,0.4233,0.4119
0.85,10,9,ALL,9,337,0.8783,31.47,31.47,10605.0,0.3256,0.5527
0.85,20,9,ALL,9,337,0.8783,31.47,31.47,10605.0,0.3256,0.5527
0.85,30,9,ALL,9,337,0.8783,31.47,31.47,10605.0,0.3256,0.5527
0.85,50,9,ALL,9,337,0.8783,31.47,31.47,10605.0,0.3256,0.5527
0.75,10,9,NO,37,1208,0.8278,28.18,28.18,34043.0,0.4233,0.4045
0.75,20,9,NO,37,1208,0.8278,28.18,28.18,34043.0,0.4233,0.4045
0.75,30,9,NO,37,1208,0.8278,28.18,28.18,34043.0,0.4233,0.4045
0.75,50,9,NO,37,1208,0.8278,28.18,28.18,34043.0,0.4233,0.4045
0.75,50,6,NO,74,1963,0.8293,27.97,27.97,54907.0,0.4233,0.406
0.85,50,6,ALL,17,538,0.8662,27.54,27.54,14816.0,0.3256,0.5405
0.75,10,6,NO,87,2089,0.8258,27.26,27.26,56941.0,0.4233,0.4024
0.75,20,6,NO,87,2089,0.8258,27.26,27.26,56941.0,0.4233,0.4024
0.75,30,6,NO,85,2088,0.8257,27.25,27.25,56904.0,0.4233,0.4023
0.85,10,6,ALL,21,551,0.8675,27.25,27.25,15013.0,0.3256,0.5419
0.85,20,6,ALL,21,551,0.8675,27.25,27.25,15013.0,0.3256,0.5419
0.85,30,6,ALL,20,550,0.8673,27.23,27.23,14976.0,0.3256,0.5416
0.8,50,6,NO,41,1373,0.8376,27.02,27.02,37105.0,0.4233,0.4142
0.8,10,6,NO,48,1411,0.8384,26.66,26.66,37621.0,0.4233,0.4151
0.8,20,6,NO,48,1411,0.8384,26.66,26.66,37621.0,0.4233,0.4151
0.8,30,6,NO,47,1410,0.8383,26.66,26.66,37584.0,0.4233,0.415
0.7,10,9,NO,60,1890,0.8026,25.38,25.38,47972.0,0.4233,0.3793
0.7,20,9,NO,60,1890,0.8026,25.38,25.38,47972.0,0.4233,0.3793
0.7,30,9,NO,60,1890,0.8026,25.38,25.38,47972.0,0.4233,0.3793
0.7,50,9,NO,60,1890,0.8026,25.38,25.38,47972.0,0.4233,0.3793
0.8,10,9,ALL,22,1577,0.8224,25.33,25.33,39950.0,0.3256,0.4968
0.8,20,9,ALL,22,1577,0.8224,25.33,25.33,39950.0,0.3256,0.4968
0.8,30,9,ALL,22,1577,0.8224,25.33,25.33,39950.0,0.3256,0.4968
0.8,50,9,ALL,22,1577,0.8224,25.33,25.33,39950.0,0.3256,0.4968
0.7,50,6,NO,120,2942,0.8083,24.96,24.96,73443.0,0.4233,0.3849
0.7,30,6,NO,139,3145,0.8035,23.98,23.98,75422.0,0.4233,0.3802
0.7,10,6,NO,142,3161,0.8042,23.97,23.97,75781.0,0.4233,0.3808
0.7,20,6,NO,142,3161,0.8042,23.97,23.97,75781.0,0.4233,0.3808
0.75,10,9,ALL,37,2161,0.8093,22.4,22.4,48406.0,0.3256,0.4837
0.75,20,9,ALL,37,2161,0.8093,22.4,22.4,48406.0,0.3256,0.4837
0.75,30,9,ALL,37,2161,0.8093,22.4,22.4,48406.0,0.3256,0.4837
0.75,50,9,ALL,37,2161,0.8093,22.4,22.4,48406.0,0.3256,0.4837
0.8,50,6,ALL,41,2610,0.8157,21.4,21.4,55853.0,0.3256,0.4901
0.75,50,6,ALL,74,3581,0.802,21.39,21.39,76582.0,0.3256,0.4764
0.8,10,6,ALL,48,2659,0.8142,21.28,21.28,56592.0,0.3256,0.4886
0.8,20,6,ALL,48,2659,0.8142,21.28,21.28,56592.0,0.3256,0.4886
0.8,30,6,ALL,47,2658,0.8141,21.28,21.28,56555.0,0.3256,0.4885
0.75,10,6,ALL,87,3790,0.7968,20.72,20.72,78528.0,0.3256,0.4712
0.75,20,6,ALL,87,3790,0.7968,20.72,20.72,78528.0,0.3256,0.4712
0.75,30,6,ALL,85,3789,0.7968,20.72,20.72,78491.0,0.3256,0.4711
0.8,50,3,NO,73,2566,0.8429,20.42,20.42,52390.0,0.4233,0.4196
0.65,50,9,NO,91,3323,0.7662,20.36,20.36,67664.0,0.4233,0.3428
0.65,10,9,NO,92,3331,0.7664,20.33,20.33,67707.0,0.4233,0.3431
0.65,20,9,NO,92,3331,0.7664,20.33,20.33,67707.0,0.4233,0.3431
0.65,30,9,NO,92,3331,0.7664,20.33,20.33,67707.0,0.4233,0.3431
0.8,30,3,NO,111,3016,0.8471,20.3,20.3,61239.0,0.4233,0.4238
0.7,10,9,ALL,60,3346,0.7711,19.9,19.9,66601.0,0.3256,0.4454
0.7,20,9,ALL,60,3346,0.7711,19.9,19.9,66601.0,0.3256,0.4454
0.7,30,9,ALL,60,3346,0.7711,19.9,19.9,66601.0,0.3256,0.4454
0.7,50,9,ALL,60,3346,0.7711,19.9,19.9,66601.0,0.3256,0.4454
0.75,50,3,NO,135,3564,0.8114,19.9,19.9,70915.0,0.4233,0.3881
0.85,20,3,NO,80,1551,0.8711,19.65,19.65,30476.0,0.4233,0.4477
0.85,30,3,NO,52,1353,0.8699,19.56,19.56,26460.0,0.4233,0.4466
0.8,20,3,NO,182,3327,0.8449,19.44,19.44,64673.0,0.4233,0.4216
0.85,50,3,NO,36,1222,0.8674,19.11,19.11,23353.0,0.4233,0.4441
0.75,30,3,NO,218,4422,0.8109,18.52,18.52,81910.0,0.4233,0.3876
0.85,10,3,NO,114,1674,0.8662,18.49,18.49,30957.0,0.4233,0.4428
0.8,10,3,NO,270,3621,0.8395,18.18,18.18,65829.0,0.4233,0.4162
0.7,50,6,ALL,120,5334,0.769,17.99,17.99,95965.0,0.3256,0.4434
0.7,10,6,ALL,142,5737,0.7638,17.53,17.53,100560.0,0.3256,0.4382
0.7,20,6,ALL,142,5737,0.7638,17.53,17.53,100560.0,0.3256,0.4382
0.7,30,6,ALL,139,5704,0.7635,17.34,17.34,98891.0,0.3256,0.4379
0.75,20,3,NO,360,5358,0.7932,16.95,16.95,90841.0,0.4233,0.3699
0.7,50,3,NO,229,5509,0.7735,16.78,16.78,92444.0,0.4233,0.3501
0.8,10,9,YES,22,703,0.8065,16.42,16.42,11543.0,0.2582,0.5483
0.8,20,9,YES,22,703,0.8065,16.42,16.42,11543.0,0.2582,0.5483
0.8,30,9,YES,22,703,0.8065,16.42,16.42,11543.0,0.2582,0.5483
0.8,50,9,YES,22,703,0.8065,16.42,16.42,11543.0,0.2582,0.5483
0.8,50,3,ALL,73,4953,0.8268,16.19,16.19,80202.0,0.3256,0.5011
0.7,30,3,NO,381,6774,0.7737,15.68,15.68,106222.0,0.4233,0.3503
0.75,10,3,NO,506,5887,0.7892,15.53,15.53,91436.0,0.4233,0.3659
0.8,10,6,YES,48,1248,0.7869,15.2,15.2,18971.0,0.2582,0.5286
0.8,20,6,YES,48,1248,0.7869,15.2,15.2,18971.0,0.2582,0.5286
0.8,30,6,YES,47,1248,0.7869,15.2,15.2,18971.0,0.2582,0.5286
0.8,50,6,YES,41,1237,0.7914,15.16,15.16,18748.0,0.2582,0.5332
0.75,10,9,YES,37,953,0.7859,15.07,15.07,14363.0,0.2582,0.5277
0.75,20,9,YES,37,953,0.7859,15.07,15.07,14363.0,0.2582,0.5277
0.75,30,9,YES,37,953,0.7859,15.07,15.07,14363.0,0.2582,0.5277
0.75,50,9,YES,37,953,0.7859,15.07,15.07,14363.0,0.2582,0.5277
0.8,30,3,ALL,111,5724,0.8174,14.99,14.99,85819.0,0.3256,0.4918
0.7,20,3,NO,593,8000,0.7656,14.56,14.56,116445.0,0.4233,0.3423
0.85,50,3,ALL,36,2262,0.8492,14.18,14.18,32077.0,0.3256,0.5236
0.8,20,3,ALL,182,6336,0.806,13.93,13.93,88255.0,0.3256,0.4804
0.85,30,3,ALL,52,2512,0.8455,13.91,13.91,34939.0,0.3256,0.5199
0.7,10,3,NO,804,8650,0.7644,13.81,13.81,119483.0,0.4233,0.341
0.85,20,3,ALL,80,2828,0.8352,13.58,13.58,38403.0,0.3256,0.5096
0.75,50,6,YES,74,1618,0.7689,13.4,13.4,21675.0,0.2582,0.5106
0.65,50,9,ALL,91,5912,0.7211,13.35,13.35,78913.0,0.3256,0.3954
0.65,10,9,ALL,92,5929,0.721,13.29,13.29,78818.0,0.3256,0.3954
0.65,20,9,ALL,92,5929,0.721,13.29,13.29,78818.0,0.3256,0.3954
0.65,30,9,ALL,92,5929,0.721,13.29,13.29,78818.0,0.3256,0.3954
0.75,50,3,ALL,135,6777,0.7791,13.18,13.18,89311.0,0.3256,0.4535
0.85,10,3,ALL,114,3045,0.8302,13.11,13.11,39916.0,0.3256,0.5046
0.6,50,9,NO,127,6844,0.6895,13.05,13.05,89314.0,0.4233,0.2662
0.6,10,9,NO,128,6852,0.6897,13.04,13.04,89357.0,0.4233,0.2664
0.6,20,9,NO,128,6852,0.6897,13.04,13.04,89357.0,0.4233,0.2664
0.6,30,9,NO,128,6852,0.6897,13.04,13.04,89357.0,0.4233,0.2664
0.8,10,3,ALL,270,6864,0.8003,13.04,13.04,89537.0,0.3256,0.4746
0.7,10,9,YES,60,1456,0.7301,12.79,12.79,18629.0,0.2582,0.4718
0.7,20,9,YES,60,1456,0.7301,12.79,12.79,18629.0,0.2582,0.4718
0.7,30,9,YES,60,1456,0.7301,12.79,12.79,18629.0,0.2582,0.4718
0.7,50,9,YES,60,1456,0.7301,12.79,12.79,18629.0,0.2582,0.4718
0.85,50,6,YES,17,222,0.8063,12.74,12.74,2829.0,0.2582,0.5481
0.75,10,6,YES,87,1701,0.7613,12.69,12.69,21587.0,0.2582,0.5031
0.75,20,6,YES,87,1701,0.7613,12.69,12.69,21587.0,0.2582,0.5031
0.75,30,6,YES,85,1701,0.7613,12.69,12.69,21587.0,0.2582,0.5031
0.85,10,6,YES,21,223,0.8027,12.24,12.24,2729.0,0.2582,0.5445
0.85,20,6,YES,21,223,0.8027,12.24,12.24,2729.0,0.2582,0.5445
0.85,30,6,YES,20,223,0.8027,12.24,12.24,2729.0,0.2582,0.5445
0.75,30,3,ALL,218,8295,0.7693,11.7,11.7,97078.0,0.3256,0.4436
0.8,50,3,YES,73,2387,0.8094,11.65,11.65,27812.0,0.2582,0.5512
0.75,20,3,ALL,360,10059,0.7467,10.39,10.39,104475.0,0.3256,0.421
0.7,50,3,ALL,229,10372,0.7341,10.1,10.1,104750.0,0.3256,0.4084
0.75,10,3,ALL,506,10950,0.743,9.74,9.74,106602.0,0.3256,0.4174
0.7,10,6,YES,142,2576,0.7143,9.62,9.62,24780.0,0.2582,0.4561
0.7,20,6,YES,142,2576,0.7143,9.62,9.62,24780.0,0.2582,0.4561
0.65,50,3,NO,385,16371,0.7055,9.48,9.48,155252.0,0.4233,0.2821
0.7,50,6,YES,120,2392,0.7207,9.42,9.42,22522.0,0.2582,0.4625
0.65,30,3,NO,638,18242,0.7108,9.33,9.33,170269.0,0.4233,0.2874
0.85,10,9,YES,9,146,0.8151,9.23,9.23,1348.0,0.2582,0.5568
0.85,20,9,YES,9,146,0.8151,9.23,9.23,1348.0,0.2582,0.5568
0.85,30,9,YES,9,146,0.8151,9.23,9.23,1348.0,0.2582,0.5568
0.85,50,9,YES,9,146,0.8151,9.23,9.23,1348.0,0.2582,0.5568
0.65,20,3,NO,952,20186,0.7166,9.21,9.21,185938.0,0.4233,0.2933
0.7,30,6,YES,139,2559,0.7143,9.17,9.17,23469.0,0.2582,0.4561
0.8,30,3,YES,111,2708,0.7843,9.08,9.08,24580.0,0.2582,0.5261
0.65,10,3,NO,1244,20942,0.7179,9.05,9.05,189482.0,0.4233,0.2946
0.7,30,3,ALL,381,12773,0.7236,8.46,8.46,108060.0,0.3256,0.398
0.85,50,3,YES,36,1040,0.8279,8.39,8.39,8724.0,0.2582,0.5697
0.6,10,6,NO,364,21369,0.6666,7.94,7.94,169585.0,0.4233,0.2433
0.6,20,6,NO,364,21369,0.6666,7.94,7.94,169585.0,0.4233,0.2433
0.6,30,6,NO,359,21339,0.6663,7.93,7.93,169184.0,0.4233,0.2429
0.6,50,6,NO,316,20969,0.6648,7.91,7.91,165901.0,0.4233,0.2414
0.8,20,3,YES,182,3009,0.763,7.84,7.84,23582.0,0.2582,0.5048
0.7,20,3,ALL,593,15214,0.713,7.75,7.75,117850.0,0.3256,0.3874
0.65,10,6,NO,243,10835,0.7098,7.72,7.72,83605.0,0.4233,0.2865
0.65,20,6,NO,243,10835,0.7098,7.72,7.72,83605.0,0.4233,0.2865
0.65,50,6,NO,206,10518,0.7083,7.71,7.71,81099.0,0.4233,0.285
0.65,30,6,NO,238,10805,0.7093,7.7,7.7,83204.0,0.4233,0.286
0.7,10,3,ALL,804,16355,0.7106,7.32,7.32,119721.0,0.3256,0.385
0.85,30,3,YES,52,1159,0.8171,7.32,7.32,8479.0,0.2582,0.5589
0.8,10,3,YES,270,3243,0.7564,7.31,7.31,23708.0,0.2582,0.4982
0.55,10,9,NO,166,12243,0.6396,7.21,7.21,88264.0,0.4233,0.2163
0.55,20,9,NO,166,12243,0.6396,7.21,7.21,88264.0,0.4233,0.2163
0.55,30,9,NO,166,12243,0.6396,7.21,7.21,88264.0,0.4233,0.2163
0.55,50,9,NO,165,12235,0.6395,7.21,7.21,88221.0,0.4233,0.2161
0.6,50,3,NO,604,37860,0.651,6.68,6.68,252992.0,0.4233,0.2276
0.6,20,3,NO,1432,43033,0.6602,6.67,6.67,286956.0,0.4233,0.2369
0.6,30,3,NO,989,40719,0.6554,6.64,6.64,270541.0,0.4233,0.232
0.55,50,6,NO,440,30165,0.6376,6.63,6.63,199873.0,0.4233,0.2142
0.55,10,6,NO,494,30603,0.6389,6.6,6.6,201892.0,0.4233,0.2155
0.55,20,6,NO,494,30603,0.6389,6.6,6.6,201892.0,0.4233,0.2155
0.6,10,3,NO,1866,43967,0.662,6.6,6.6,290202.0,0.4233,0.2386
0.55,30,6,NO,489,30573,0.6386,6.59,6.59,201491.0,0.4233,0.2153
0.85,10,3,YES,114,1371,0.7863,6.53,6.53,8959.0,0.2582,0.5281
0.65,50,3,ALL,385,25276,0.6839,6.46,6.46,163217.0,0.3256,0.3582
0.85,20,3,YES,80,1277,0.7917,6.21,6.21,7927.0,0.2582,0.5335
0.75,50,3,YES,135,3213,0.7432,5.73,5.73,18396.0,0.2582,0.485
0.65,50,6,ALL,206,15664,0.6919,5.59,5.59,87582.0,0.3256,0.3663
0.65,30,3,ALL,638,28830,0.6812,5.49,5.49,158187.0,0.3256,0.3556
0.65,10,6,ALL,243,16266,0.6911,5.44,5.44,88533.0,0.3256,0.3655
0.65,20,6,ALL,243,16266,0.6911,5.44,5.44,88533.0,0.3256,0.3655
0.6,50,9,ALL,127,13357,0.6343,5.43,5.43,72520.0,0.3256,0.3087
0.6,10,9,ALL,128,13374,0.6344,5.42,5.42,72425.0,0.3256,0.3088
0.6,20,9,ALL,128,13374,0.6344,5.42,5.42,72425.0,0.3256,0.3088
0.6,30,9,ALL,128,13374,0.6344,5.42,5.42,72425.0,0.3256,0.3088
0.65,30,6,ALL,238,16212,0.6907,5.36,5.36,86821.0,0.3256,0.365
0.65,20,3,ALL,952,32779,0.6852,5.26,5.26,172430.0,0.3256,0.3596
0.65,10,3,ALL,1244,34128,0.6847,5.05,5.05,172259.0,0.3256,0.359
0.55,20,3,NO,1983,61753,0.6386,5.04,5.04,310976.0,0.4233,0.2152
0.55,50,3,NO,926,55068,0.6302,5.04,5.04,277467.0,0.4233,0.2069
0.55,10,3,NO,2501,62801,0.6401,5.01,5.01,314722.0,0.4233,0.2167
0.55,30,3,NO,1425,58815,0.6338,4.95,4.95,291387.0,0.4233,0.2105
0.6,50,6,ALL,316,32360,0.6361,4.62,4.62,149349.0,0.3256,0.3104
0.6,10,6,ALL,364,33178,0.6362,4.52,4.52,149964.0,0.3256,0.3106
0.6,20,6,ALL,364,33178,0.6362,4.52,4.52,149964.0,0.3256,0.3106
0.6,30,6,ALL,359,33124,0.6359,4.48,4.48,148252.0,0.3256,0.3103
0.65,50,9,YES,91,2589,0.6632,4.34,4.34,11248.0,0.2582,0.405
0.65,10,9,YES,92,2598,0.6628,4.28,4.28,11111.0,0.2582,0.4046
0.65,20,9,YES,92,2598,0.6628,4.28,4.28,11111.0,0.2582,0.4046
0.65,30,9,YES,92,2598,0.6628,4.28,4.28,11111.0,0.2582,0.4046
0.75,30,3,YES,218,3873,0.7217,3.92,3.92,15168.0,0.2582,0.4634
0.75,10,3,YES,506,5063,0.6893,3.0,3.0,15166.0,0.2582,0.4311
0.75,20,3,YES,360,4701,0.6937,2.9,2.9,13635.0,0.2582,0.4354
0.7,50,3,YES,229,4863,0.6895,2.53,2.53,12306.0,0.2582,0.4313
0.55,50,6,ALL,440,47934,0.5987,2.32,2.32,111386.0,0.3256,0.2731
0.55,10,6,ALL,494,48870,0.5988,2.19,2.19,106965.0,0.3256,0.2731
0.55,20,6,ALL,494,48870,0.5988,2.19,2.19,106965.0,0.3256,0.2731
0.55,50,9,ALL,165,22177,0.5937,2.17,2.17,48027.0,0.3256,0.2681
0.55,10,9,ALL,166,22194,0.5938,2.16,2.16,47933.0,0.3256,0.2682
0.55,20,9,ALL,166,22194,0.5938,2.16,2.16,47933.0,0.3256,0.2682
0.55,30,6,ALL,489,48816,0.5985,2.16,2.16,105253.0,0.3256,0.2728
0.55,30,9,ALL,166,22194,0.5938,2.16,2.16,47933.0,0.3256,0.2682
0.6,30,3,ALL,989,65913,0.6006,1.47,1.47,97132.0,0.3256,0.275
0.6,20,3,ALL,1432,70735,0.6053,1.36,1.36,96114.0,0.3256,0.2797
0.6,10,3,ALL,1866,72479,0.6063,1.27,1.27,92158.0,0.3256,0.2807
0.65,50,6,YES,206,5146,0.6584,1.26,1.26,6484.0,0.2582,0.4001
0.65,10,6,YES,243,5431,0.6538,0.91,0.91,4928.0,0.2582,0.3956
0.65,20,6,YES,243,5431,0.6538,0.91,0.91,4928.0,0.2582,0.3956
0.65,50,3,YES,385,8905,0.6441,0.89,0.89,7965.0,0.2582,0.3859
0.65,30,6,YES,238,5407,0.6534,0.67,0.67,3617.0,0.2582,0.3952
0.6,50,3,ALL,604,60143,0.5997,0.34,0.34,20346.0,0.3256,0.274
0.7,30,3,YES,381,5999,0.6671,0.31,0.31,1837.0,0.2582,0.4089
0.7,20,3,YES,593,7214,0.6547,0.19,0.19,1404.0,0.2582,0.3965
0.7,10,3,YES,804,7705,0.6502,0.03,0.03,237.0,0.2582,0.392
0.55,30,3,ALL,1425,96359,0.5787,-0.46,-0.46,-44345.0,0.3256,0.2531
0.55,20,3,ALL,1983,102340,0.5834,-0.49,-0.49,-50158.0,0.3256,0.2578
0.55,10,3,ALL,2501,104303,0.5844,-0.53,-0.53,-55355.0,0.3256,0.2588
0.65,20,3,YES,952,12593,0.6348,-1.07,-1.07,-13508.0,0.2582,0.3766
0.55,50,3,ALL,926,88616,0.5784,-1.08,-1.08,-95274.0,0.3256,0.2527
0.65,30,3,YES,638,10588,0.6302,-1.14,-1.14,-12083.0,0.2582,0.372
0.65,10,3,YES,1244,13186,0.6318,-1.31,-1.31,-17223.0,0.2582,0.3736
0.6,50,6,YES,316,11391,0.5832,-1.45,-1.45,-16552.0,0.2582,0.3249
0.6,10,6,YES,364,11809,0.5813,-1.66,-1.66,-19621.0,0.2582,0.323
0.6,20,6,YES,364,11809,0.5813,-1.66,-1.66,-19621.0,0.2582,0.323
0.6,30,6,YES,359,11785,0.5809,-1.78,-1.78,-20932.0,0.2582,0.3227
0.6,50,9,YES,127,6513,0.5764,-2.58,-2.58,-16794.0,0.2582,0.3182
0.6,10,9,YES,128,6522,0.5764,-2.6,-2.6,-16932.0,0.2582,0.3181
0.6,20,9,YES,128,6522,0.5764,-2.6,-2.6,-16932.0,0.2582,0.3181
0.6,30,9,YES,128,6522,0.5764,-2.6,-2.6,-16932.0,0.2582,0.3181
0.55,50,9,YES,165,9942,0.5374,-4.04,-4.04,-40194.0,0.2582,0.2792
0.55,10,9,YES,166,9951,0.5374,-4.05,-4.05,-40331.0,0.2582,0.2792
0.55,20,9,YES,166,9951,0.5374,-4.05,-4.05,-40331.0,0.2582,0.2792
0.55,30,9,YES,166,9951,0.5374,-4.05,-4.05,-40331.0,0.2582,0.2792
0.55,50,6,YES,440,17769,0.5327,-4.98,-4.98,-88486.0,0.2582,0.2745
0.55,10,6,YES,494,18267,0.5315,-5.2,-5.2,-94927.0,0.2582,0.2733
0.55,20,6,YES,494,18267,0.5315,-5.2,-5.2,-94927.0,0.2582,0.2733
0.55,30,6,YES,489,18243,0.5312,-5.28,-5.28,-96238.0,0.2582,0.273
0.6,30,3,YES,989,25194,0.5121,-6.88,-6.88,-173408.0,0.2582,0.2539
0.6,20,3,YES,1432,27702,0.52,-6.89,-6.89,-190842.0,0.2582,0.2618
0.6,10,3,YES,1866,28512,0.5205,-6.95,-6.95,-198044.0,0.2582,0.2623
0.55,20,3,YES,1983,40587,0.4995,-8.9,-8.9,-361134.0,0.2582,0.2412
0.55,10,3,YES,2501,41502,0.5002,-8.92,-8.92,-370078.0,0.2582,0.242
0.55,30,3,YES,1425,37544,0.4924,-8.94,-8.94,-335732.0,0.2582,0.2342
0.6,50,3,YES,604,22283,0.5125,-10.44,-10.44,-232645.0,0.2582,0.2543
0.55,50,3,YES,926,33548,0.4932,-11.11,-11.11,-372742.0,0.2582,0.235
